<?xml version="1.0"?>
<doc>
    <assembly>
        <name>Neurotec.Biometrics.Nffv.Fakes</name>
    </assembly>
    <members>
        <member name="T:Microsoft.QualityTools.Testing.Fakes.Delegates.NeurotecBiometricsNffvDelegates">
            <summary>Contém delegados personalizados usados para os stubs e correções de Neurotec.Biometrics.Nffv</summary>
        </member>
        <member name="T:Neurotec.Biometrics.Fakes.ShimNffv">
            <summary>Tipo de correção de Neurotec.Biometrics.Nffv</summary>
        </member>
        <member name="M:Neurotec.Biometrics.Fakes.ShimNffv.#ctor">
            <summary>Inicializa uma nova instância de correção</summary>
        </member>
        <member name="M:Neurotec.Biometrics.Fakes.ShimNffv.#ctor(Neurotec.Biometrics.Nffv)">
            <summary>Inicializa uma nova correção para a instância determinada</summary>
        </member>
        <member name="T:Neurotec.Biometrics.Fakes.ShimNffv.AllInstances">
            <summary>Definir shims para todos os membros de instâncias</summary>
        </member>
        <member name="P:Neurotec.Biometrics.Fakes.ShimNffv.AllInstances.Cancel">
            <summary>Define correção de Nffv.Cancel()</summary>
        </member>
        <member name="P:Neurotec.Biometrics.Fakes.ShimNffv.AllInstances.Check">
            <summary>Define correção de Nffv.Check()</summary>
        </member>
        <member name="P:Neurotec.Biometrics.Fakes.ShimNffv.AllInstances.Dispose">
            <summary>Define correção de Nffv.Dispose()</summary>
        </member>
        <member name="P:Neurotec.Biometrics.Fakes.ShimNffv.AllInstances.EnrollUInt32NffvStatusOut">
            <summary>Define correção de Nffv.Enroll(UInt32 timeout, NffvStatus&amp; status)</summary>
        </member>
        <member name="P:Neurotec.Biometrics.Fakes.ShimNffv.AllInstances.GetUserByIdInt32">
            <summary>Define correção de Nffv.GetUserById(Int32 id)</summary>
        </member>
        <member name="P:Neurotec.Biometrics.Fakes.ShimNffv.AllInstances.MatchingThresholdGet">
            <summary>Define correção de Nffv.get_MatchingThreshold()</summary>
        </member>
        <member name="P:Neurotec.Biometrics.Fakes.ShimNffv.AllInstances.MatchingThresholdSetInt32">
            <summary>Define correção de Nffv.set_MatchingThreshold(Int32 value)</summary>
        </member>
        <member name="P:Neurotec.Biometrics.Fakes.ShimNffv.AllInstances.QualityThresholdGet">
            <summary>Define correção de Nffv.get_QualityThreshold()</summary>
        </member>
        <member name="P:Neurotec.Biometrics.Fakes.ShimNffv.AllInstances.QualityThresholdSetByte">
            <summary>Define correção de Nffv.set_QualityThreshold(Byte value)</summary>
        </member>
        <member name="P:Neurotec.Biometrics.Fakes.ShimNffv.AllInstances.UsersGet">
            <summary>Define correção de Nffv.get_Users()</summary>
        </member>
        <member name="P:Neurotec.Biometrics.Fakes.ShimNffv.AllInstances.VerifyNffvUserUInt32NffvStatusOut">
            <summary>Define correção de Nffv.Verify(NffvUser user, UInt32 timeout, NffvStatus&amp; status)</summary>
        </member>
        <member name="M:Neurotec.Biometrics.Fakes.ShimNffv.BehaveAsCurrent">
            <summary>Atribui o comportamento &apos;Current&apos; para todos os métodos do tipo corrigido</summary>
        </member>
        <member name="M:Neurotec.Biometrics.Fakes.ShimNffv.BehaveAsNotImplemented">
            <summary>Atribui o comportamento &apos;NotImplemented&apos; para todos os métodos do tipo corrigido</summary>
        </member>
        <member name="P:Neurotec.Biometrics.Fakes.ShimNffv.Behavior">
            <summary>Atribui o comportamento para todos os métodos do tipo corrigido</summary>
        </member>
        <member name="M:Neurotec.Biometrics.Fakes.ShimNffv.Bind(System.IDisposable)">
            <summary>Vincula os membros da interface à correção.</summary>
        </member>
        <member name="P:Neurotec.Biometrics.Fakes.ShimNffv.Cancel">
            <summary>Define correção de Nffv.Cancel()</summary>
        </member>
        <member name="P:Neurotec.Biometrics.Fakes.ShimNffv.Check">
            <summary>Define correção de Nffv.Check()</summary>
        </member>
        <member name="P:Neurotec.Biometrics.Fakes.ShimNffv.ConstructorObject">
            <summary>Define correção de Nffv.Nffv(Object foo)</summary>
        </member>
        <member name="P:Neurotec.Biometrics.Fakes.ShimNffv.ConstructorStringString">
            <summary>Define correção de Nffv.Nffv(String dbName, String password)</summary>
        </member>
        <member name="P:Neurotec.Biometrics.Fakes.ShimNffv.ConstructorStringStringString">
            <summary>Define correção de Nffv.Nffv(String dbName, String password, String scannerModules)</summary>
        </member>
        <member name="P:Neurotec.Biometrics.Fakes.ShimNffv.CreateStringStringString">
            <summary>Define correção de Nffv.Create(String dbName, String password, String scannerModules)</summary>
        </member>
        <member name="P:Neurotec.Biometrics.Fakes.ShimNffv.Dispose">
            <summary>Define correção de Nffv.Dispose()</summary>
        </member>
        <member name="P:Neurotec.Biometrics.Fakes.ShimNffv.EnrollUInt32NffvStatusOut">
            <summary>Define correção de Nffv.Enroll(UInt32 timeout, NffvStatus&amp; status)</summary>
        </member>
        <member name="P:Neurotec.Biometrics.Fakes.ShimNffv.GetAvailableScannerModules">
            <summary>Define correção de Nffv.GetAvailableScannerModules()</summary>
        </member>
        <member name="P:Neurotec.Biometrics.Fakes.ShimNffv.GetInfo">
            <summary>Define correção de Nffv.GetInfo()</summary>
        </member>
        <member name="P:Neurotec.Biometrics.Fakes.ShimNffv.GetUserByIdInt32">
            <summary>Define correção de Nffv.GetUserById(Int32 id)</summary>
        </member>
        <member name="P:Neurotec.Biometrics.Fakes.ShimNffv.MatchingThresholdGet">
            <summary>Define correção de Nffv.get_MatchingThreshold()</summary>
        </member>
        <member name="P:Neurotec.Biometrics.Fakes.ShimNffv.MatchingThresholdSetInt32">
            <summary>Define correção de Nffv.set_MatchingThreshold(Int32 value)</summary>
        </member>
        <member name="P:Neurotec.Biometrics.Fakes.ShimNffv.QualityThresholdGet">
            <summary>Define correção de Nffv.get_QualityThreshold()</summary>
        </member>
        <member name="P:Neurotec.Biometrics.Fakes.ShimNffv.QualityThresholdSetByte">
            <summary>Define correção de Nffv.set_QualityThreshold(Byte value)</summary>
        </member>
        <member name="T:Neurotec.Biometrics.Fakes.ShimNffv.ShimUserCollection">
            <summary>Tipo de correção de Neurotec.Biometrics.Nffv+UserCollection</summary>
        </member>
        <member name="M:Neurotec.Biometrics.Fakes.ShimNffv.ShimUserCollection.#ctor">
            <summary>Inicializa uma nova instância de correção</summary>
        </member>
        <member name="M:Neurotec.Biometrics.Fakes.ShimNffv.ShimUserCollection.#ctor(Neurotec.Biometrics.Nffv.UserCollection)">
            <summary>Inicializa uma nova correção para a instância determinada</summary>
        </member>
        <member name="P:Neurotec.Biometrics.Fakes.ShimNffv.ShimUserCollection.AddIntPtr">
            <summary>Define correção de UserCollection.Add(IntPtr hUser)</summary>
        </member>
        <member name="T:Neurotec.Biometrics.Fakes.ShimNffv.ShimUserCollection.AllInstances">
            <summary>Definir shims para todos os membros de instâncias</summary>
        </member>
        <member name="P:Neurotec.Biometrics.Fakes.ShimNffv.ShimUserCollection.AllInstances.AddIntPtr">
            <summary>Define correção de UserCollection.Add(IntPtr hUser)</summary>
        </member>
        <member name="P:Neurotec.Biometrics.Fakes.ShimNffv.ShimUserCollection.AllInstances.ClearInternal">
            <summary>Define correção de UserCollection.ClearInternal()</summary>
        </member>
        <member name="P:Neurotec.Biometrics.Fakes.ShimNffv.ShimUserCollection.AllInstances.ContainsInt32">
            <summary>Define correção de UserCollection.Contains(Int32 id)</summary>
        </member>
        <member name="P:Neurotec.Biometrics.Fakes.ShimNffv.ShimUserCollection.AllInstances.Dispose">
            <summary>Define correção de UserCollection.Dispose()</summary>
        </member>
        <member name="P:Neurotec.Biometrics.Fakes.ShimNffv.ShimUserCollection.AllInstances.IndexOfInt32">
            <summary>Define correção de UserCollection.IndexOf(Int32 id)</summary>
        </member>
        <member name="P:Neurotec.Biometrics.Fakes.ShimNffv.ShimUserCollection.AllInstances.ItemGetInt32">
            <summary>Define correção de UserCollection.get_Item(Int32 index)</summary>
        </member>
        <member name="P:Neurotec.Biometrics.Fakes.ShimNffv.ShimUserCollection.AllInstances.OnClear">
            <summary>Define correção de UserCollection.OnClear()</summary>
        </member>
        <member name="P:Neurotec.Biometrics.Fakes.ShimNffv.ShimUserCollection.AllInstances.OnClearComplete">
            <summary>Define correção de UserCollection.OnClearComplete()</summary>
        </member>
        <member name="P:Neurotec.Biometrics.Fakes.ShimNffv.ShimUserCollection.AllInstances.OnInsertInt32Object">
            <summary>Define correção de UserCollection.OnInsert(Int32 index, Object value)</summary>
        </member>
        <member name="P:Neurotec.Biometrics.Fakes.ShimNffv.ShimUserCollection.AllInstances.OnRemoveCompleteInt32Object">
            <summary>Define correção de UserCollection.OnRemoveComplete(Int32 index, Object value)</summary>
        </member>
        <member name="P:Neurotec.Biometrics.Fakes.ShimNffv.ShimUserCollection.AllInstances.OnRemoveInt32Object">
            <summary>Define correção de UserCollection.OnRemove(Int32 index, Object value)</summary>
        </member>
        <member name="P:Neurotec.Biometrics.Fakes.ShimNffv.ShimUserCollection.AllInstances.OnSetInt32ObjectObject">
            <summary>Define correção de UserCollection.OnSet(Int32 index, Object oldValue, Object newValue)</summary>
        </member>
        <member name="P:Neurotec.Biometrics.Fakes.ShimNffv.ShimUserCollection.AllInstances.RemoveInternalNffvUser">
            <summary>Define correção de UserCollection.RemoveInternal(NffvUser value)</summary>
        </member>
        <member name="M:Neurotec.Biometrics.Fakes.ShimNffv.ShimUserCollection.BehaveAsCurrent">
            <summary>Atribui o comportamento &apos;Current&apos; para todos os métodos do tipo corrigido</summary>
        </member>
        <member name="M:Neurotec.Biometrics.Fakes.ShimNffv.ShimUserCollection.BehaveAsNotImplemented">
            <summary>Atribui o comportamento &apos;NotImplemented&apos; para todos os métodos do tipo corrigido</summary>
        </member>
        <member name="P:Neurotec.Biometrics.Fakes.ShimNffv.ShimUserCollection.Behavior">
            <summary>Atribui o comportamento para todos os métodos do tipo corrigido</summary>
        </member>
        <member name="M:Neurotec.Biometrics.Fakes.ShimNffv.ShimUserCollection.Bind(System.Collections.ICollection)">
            <summary>Vincula os membros da interface à correção.</summary>
        </member>
        <member name="M:Neurotec.Biometrics.Fakes.ShimNffv.ShimUserCollection.Bind(System.Collections.IEnumerable)">
            <summary>Vincula os membros da interface à correção.</summary>
        </member>
        <member name="M:Neurotec.Biometrics.Fakes.ShimNffv.ShimUserCollection.Bind(System.Collections.IList)">
            <summary>Vincula os membros da interface à correção.</summary>
        </member>
        <member name="P:Neurotec.Biometrics.Fakes.ShimNffv.ShimUserCollection.ClearInternal">
            <summary>Define correção de UserCollection.ClearInternal()</summary>
        </member>
        <member name="P:Neurotec.Biometrics.Fakes.ShimNffv.ShimUserCollection.ConstructorNffv">
            <summary>Define correção de UserCollection.UserCollection(Nffv owner)</summary>
        </member>
        <member name="P:Neurotec.Biometrics.Fakes.ShimNffv.ShimUserCollection.ContainsInt32">
            <summary>Define correção de UserCollection.Contains(Int32 id)</summary>
        </member>
        <member name="P:Neurotec.Biometrics.Fakes.ShimNffv.ShimUserCollection.Dispose">
            <summary>Define correção de UserCollection.Dispose()</summary>
        </member>
        <member name="P:Neurotec.Biometrics.Fakes.ShimNffv.ShimUserCollection.IndexOfInt32">
            <summary>Define correção de UserCollection.IndexOf(Int32 id)</summary>
        </member>
        <member name="P:Neurotec.Biometrics.Fakes.ShimNffv.ShimUserCollection.ItemGetInt32">
            <summary>Define correção de UserCollection.get_Item(Int32 index)</summary>
        </member>
        <member name="P:Neurotec.Biometrics.Fakes.ShimNffv.ShimUserCollection.OnClear">
            <summary>Define correção de UserCollection.OnClear()</summary>
        </member>
        <member name="P:Neurotec.Biometrics.Fakes.ShimNffv.ShimUserCollection.OnClearComplete">
            <summary>Define correção de UserCollection.OnClearComplete()</summary>
        </member>
        <member name="P:Neurotec.Biometrics.Fakes.ShimNffv.ShimUserCollection.OnInsertInt32Object">
            <summary>Define correção de UserCollection.OnInsert(Int32 index, Object value)</summary>
        </member>
        <member name="P:Neurotec.Biometrics.Fakes.ShimNffv.ShimUserCollection.OnRemoveCompleteInt32Object">
            <summary>Define correção de UserCollection.OnRemoveComplete(Int32 index, Object value)</summary>
        </member>
        <member name="P:Neurotec.Biometrics.Fakes.ShimNffv.ShimUserCollection.OnRemoveInt32Object">
            <summary>Define correção de UserCollection.OnRemove(Int32 index, Object value)</summary>
        </member>
        <member name="P:Neurotec.Biometrics.Fakes.ShimNffv.ShimUserCollection.OnSetInt32ObjectObject">
            <summary>Define correção de UserCollection.OnSet(Int32 index, Object oldValue, Object newValue)</summary>
        </member>
        <member name="P:Neurotec.Biometrics.Fakes.ShimNffv.ShimUserCollection.RemoveInternalNffvUser">
            <summary>Define correção de UserCollection.RemoveInternal(NffvUser value)</summary>
        </member>
        <member name="P:Neurotec.Biometrics.Fakes.ShimNffv.UsersGet">
            <summary>Define correção de Nffv.get_Users()</summary>
        </member>
        <member name="P:Neurotec.Biometrics.Fakes.ShimNffv.VerifyNffvUserUInt32NffvStatusOut">
            <summary>Define correção de Nffv.Verify(NffvUser user, UInt32 timeout, NffvStatus&amp; status)</summary>
        </member>
        <member name="T:Neurotec.Biometrics.Fakes.ShimNffvUser">
            <summary>Tipo de correção de Neurotec.Biometrics.NffvUser</summary>
        </member>
        <member name="M:Neurotec.Biometrics.Fakes.ShimNffvUser.#ctor">
            <summary>Inicializa uma nova instância de correção</summary>
        </member>
        <member name="M:Neurotec.Biometrics.Fakes.ShimNffvUser.#ctor(Neurotec.Biometrics.NffvUser)">
            <summary>Inicializa uma nova correção para a instância determinada</summary>
        </member>
        <member name="T:Neurotec.Biometrics.Fakes.ShimNffvUser.AllInstances">
            <summary>Definir shims para todos os membros de instâncias</summary>
        </member>
        <member name="P:Neurotec.Biometrics.Fakes.ShimNffvUser.AllInstances.Check">
            <summary>Define correção de NffvUser.Check()</summary>
        </member>
        <member name="P:Neurotec.Biometrics.Fakes.ShimNffvUser.AllInstances.Dispose">
            <summary>Define correção de NffvUser.Dispose()</summary>
        </member>
        <member name="P:Neurotec.Biometrics.Fakes.ShimNffvUser.AllInstances.GetBitmap">
            <summary>Define correção de NffvUser.GetBitmap()</summary>
        </member>
        <member name="P:Neurotec.Biometrics.Fakes.ShimNffvUser.AllInstances.GetHBitmap">
            <summary>Define correção de NffvUser.GetHBitmap()</summary>
        </member>
        <member name="P:Neurotec.Biometrics.Fakes.ShimNffvUser.AllInstances.GetImageIntPtr">
            <summary>Define correção de NffvUser.GetImage(IntPtr pPixels)</summary>
        </member>
        <member name="P:Neurotec.Biometrics.Fakes.ShimNffvUser.AllInstances.GetImageUInt32IntPtr">
            <summary>Define correção de NffvUser.GetImage(UInt32 stride, IntPtr pPixels)</summary>
        </member>
        <member name="P:Neurotec.Biometrics.Fakes.ShimNffvUser.AllInstances.GetImageUInt32OutUInt32OutSingleOutSingleOutUInt32Out">
            <summary>Define correção de NffvUser.GetImage(UInt32&amp; width, UInt32&amp; height, Single&amp; horzResolution, Single&amp; vertResolution, UInt32&amp; stride)</summary>
        </member>
        <member name="P:Neurotec.Biometrics.Fakes.ShimNffvUser.AllInstances.GetImageUInt32OutUInt32OutSingleOutSingleOutUInt32RefIntPtr">
            <summary>Define correção de NffvUser.GetImage(UInt32&amp; width, UInt32&amp; height, Single&amp; horzResolution, Single&amp; vertResolution, UInt32&amp; stride, IntPtr pPixels)</summary>
        </member>
        <member name="P:Neurotec.Biometrics.Fakes.ShimNffvUser.AllInstances.HandleGet">
            <summary>Define correção de NffvUser.get_Handle()</summary>
        </member>
        <member name="P:Neurotec.Biometrics.Fakes.ShimNffvUser.AllInstances.IdGet">
            <summary>Define correção de NffvUser.get_Id()</summary>
        </member>
        <member name="M:Neurotec.Biometrics.Fakes.ShimNffvUser.BehaveAsCurrent">
            <summary>Atribui o comportamento &apos;Current&apos; para todos os métodos do tipo corrigido</summary>
        </member>
        <member name="M:Neurotec.Biometrics.Fakes.ShimNffvUser.BehaveAsNotImplemented">
            <summary>Atribui o comportamento &apos;NotImplemented&apos; para todos os métodos do tipo corrigido</summary>
        </member>
        <member name="P:Neurotec.Biometrics.Fakes.ShimNffvUser.Behavior">
            <summary>Atribui o comportamento para todos os métodos do tipo corrigido</summary>
        </member>
        <member name="P:Neurotec.Biometrics.Fakes.ShimNffvUser.Check">
            <summary>Define correção de NffvUser.Check()</summary>
        </member>
        <member name="P:Neurotec.Biometrics.Fakes.ShimNffvUser.ConstructorIntPtrNffv">
            <summary>Define correção de NffvUser.NffvUser(IntPtr handle, Nffv owner)</summary>
        </member>
        <member name="P:Neurotec.Biometrics.Fakes.ShimNffvUser.Dispose">
            <summary>Define correção de NffvUser.Dispose()</summary>
        </member>
        <member name="P:Neurotec.Biometrics.Fakes.ShimNffvUser.GetBitmap">
            <summary>Define correção de NffvUser.GetBitmap()</summary>
        </member>
        <member name="P:Neurotec.Biometrics.Fakes.ShimNffvUser.GetHBitmap">
            <summary>Define correção de NffvUser.GetHBitmap()</summary>
        </member>
        <member name="P:Neurotec.Biometrics.Fakes.ShimNffvUser.GetImageIntPtr">
            <summary>Define correção de NffvUser.GetImage(IntPtr pPixels)</summary>
        </member>
        <member name="P:Neurotec.Biometrics.Fakes.ShimNffvUser.GetImageUInt32IntPtr">
            <summary>Define correção de NffvUser.GetImage(UInt32 stride, IntPtr pPixels)</summary>
        </member>
        <member name="P:Neurotec.Biometrics.Fakes.ShimNffvUser.HandleGet">
            <summary>Define correção de NffvUser.get_Handle()</summary>
        </member>
        <member name="P:Neurotec.Biometrics.Fakes.ShimNffvUser.IdGet">
            <summary>Define correção de NffvUser.get_Id()</summary>
        </member>
        <member name="T:Neurotec.Biometrics.Fakes.StubNffv">
            <summary>Tipo stub de Neurotec.Biometrics.Nffv</summary>
        </member>
        <member name="M:Neurotec.Biometrics.Fakes.StubNffv.#ctor(System.String,System.String)">
            <summary>Inicializa uma nova instância</summary>
        </member>
        <member name="M:Neurotec.Biometrics.Fakes.StubNffv.#ctor(System.String,System.String,System.String)">
            <summary>Inicializa uma nova instância</summary>
        </member>
        <member name="P:Neurotec.Biometrics.Fakes.StubNffv.CallBase">
            <summary>Obtém ou define um valor que indica se o método base deve ser chamado em vez do comportamento de fallback</summary>
        </member>
        <member name="M:Neurotec.Biometrics.Fakes.StubNffv.InitializeStub">
            <summary>Inicializa uma nova instância do type StubNffv</summary>
        </member>
        <member name="P:Neurotec.Biometrics.Fakes.StubNffv.InstanceBehavior">
            <summary>Obtém ou define o comportamento da instância.</summary>
        </member>
        <member name="P:Neurotec.Biometrics.Fakes.StubNffv.InstanceObserver">
            <summary>Obtém ou define o observador de instância.</summary>
        </member>
        <member name="T:Neurotec.Fakes.ShimNCore">
            <summary>Tipo de correção de Neurotec.NCore</summary>
        </member>
        <member name="M:Neurotec.Fakes.ShimNCore.#ctor">
            <summary>Inicializa uma nova instância de correção</summary>
        </member>
        <member name="M:Neurotec.Fakes.ShimNCore.BehaveAsCurrent">
            <summary>Atribui o comportamento &apos;Current&apos; para todos os métodos do tipo corrigido</summary>
        </member>
        <member name="M:Neurotec.Fakes.ShimNCore.BehaveAsNotImplemented">
            <summary>Atribui o comportamento &apos;NotImplemented&apos; para todos os métodos do tipo corrigido</summary>
        </member>
        <member name="P:Neurotec.Fakes.ShimNCore.Behavior">
            <summary>Atribui o comportamento para todos os métodos do tipo corrigido</summary>
        </member>
        <member name="P:Neurotec.Fakes.ShimNCore.FreeIntPtr">
            <summary>Define correção de NCore.Free(IntPtr pBlock)</summary>
        </member>
        <member name="P:Neurotec.Fakes.ShimNCore.GetInfo">
            <summary>Define correção de NCore.GetInfo()</summary>
        </member>
        <member name="T:Neurotec.Fakes.ShimNDisposable">
            <summary>Tipo de correção de Neurotec.NDisposable</summary>
        </member>
        <member name="M:Neurotec.Fakes.ShimNDisposable.#ctor(Neurotec.NDisposable)">
            <summary>Inicializa uma nova correção para a instância determinada</summary>
        </member>
        <member name="T:Neurotec.Fakes.ShimNDisposable.AllInstances">
            <summary>Definir shims para todos os membros de instâncias</summary>
        </member>
        <member name="P:Neurotec.Fakes.ShimNDisposable.AllInstances.Check">
            <summary>Define correção de NDisposable.Check()</summary>
        </member>
        <member name="P:Neurotec.Fakes.ShimNDisposable.AllInstances.Dispose">
            <summary>Define correção de NDisposable.Dispose()</summary>
        </member>
        <member name="P:Neurotec.Fakes.ShimNDisposable.AllInstances.IsDisposedGet">
            <summary>Define correção de NDisposable.get_IsDisposed()</summary>
        </member>
        <member name="P:Neurotec.Fakes.ShimNDisposable.AllInstances.IsOwnedGet">
            <summary>Define correção de NDisposable.get_IsOwned()</summary>
        </member>
        <member name="M:Neurotec.Fakes.ShimNDisposable.BehaveAsCurrent">
            <summary>Atribui o comportamento &apos;Current&apos; para todos os métodos do tipo corrigido</summary>
        </member>
        <member name="M:Neurotec.Fakes.ShimNDisposable.BehaveAsNotImplemented">
            <summary>Atribui o comportamento &apos;NotImplemented&apos; para todos os métodos do tipo corrigido</summary>
        </member>
        <member name="P:Neurotec.Fakes.ShimNDisposable.Behavior">
            <summary>Atribui o comportamento para todos os métodos do tipo corrigido</summary>
        </member>
        <member name="M:Neurotec.Fakes.ShimNDisposable.Bind(System.IDisposable)">
            <summary>Vincula os membros da interface à correção.</summary>
        </member>
        <member name="P:Neurotec.Fakes.ShimNDisposable.Check">
            <summary>Define correção de NDisposable.Check()</summary>
        </member>
        <member name="P:Neurotec.Fakes.ShimNDisposable.Constructor">
            <summary>Define correção de NDisposable.NDisposable()</summary>
        </member>
        <member name="P:Neurotec.Fakes.ShimNDisposable.Dispose">
            <summary>Define correção de NDisposable.Dispose()</summary>
        </member>
        <member name="P:Neurotec.Fakes.ShimNDisposable.IsDisposedGet">
            <summary>Define correção de NDisposable.get_IsDisposed()</summary>
        </member>
        <member name="P:Neurotec.Fakes.ShimNDisposable.IsOwnedGet">
            <summary>Define correção de NDisposable.get_IsOwned()</summary>
        </member>
        <member name="T:Neurotec.Fakes.ShimNLibraryInfo">
            <summary>Tipo de correção de Neurotec.NLibraryInfo</summary>
        </member>
        <member name="M:Neurotec.Fakes.ShimNLibraryInfo.#ctor">
            <summary>Inicializa uma nova instância de correção</summary>
        </member>
        <member name="M:Neurotec.Fakes.ShimNLibraryInfo.#ctor(Neurotec.NLibraryInfo)">
            <summary>Inicializa uma nova correção para a instância determinada</summary>
        </member>
        <member name="T:Neurotec.Fakes.ShimNLibraryInfo.AllInstances">
            <summary>Definir shims para todos os membros de instâncias</summary>
        </member>
        <member name="P:Neurotec.Fakes.ShimNLibraryInfo.AllInstances.CompanyGet">
            <summary>Define correção de NLibraryInfo.get_Company()</summary>
        </member>
        <member name="P:Neurotec.Fakes.ShimNLibraryInfo.AllInstances.CopyrightGet">
            <summary>Define correção de NLibraryInfo.get_Copyright()</summary>
        </member>
        <member name="P:Neurotec.Fakes.ShimNLibraryInfo.AllInstances.DistributorIdGet">
            <summary>Define correção de NLibraryInfo.get_DistributorId()</summary>
        </member>
        <member name="P:Neurotec.Fakes.ShimNLibraryInfo.AllInstances.ProductGet">
            <summary>Define correção de NLibraryInfo.get_Product()</summary>
        </member>
        <member name="P:Neurotec.Fakes.ShimNLibraryInfo.AllInstances.SerialNumberGet">
            <summary>Define correção de NLibraryInfo.get_SerialNumber()</summary>
        </member>
        <member name="P:Neurotec.Fakes.ShimNLibraryInfo.AllInstances.TitleGet">
            <summary>Define correção de NLibraryInfo.get_Title()</summary>
        </member>
        <member name="P:Neurotec.Fakes.ShimNLibraryInfo.AllInstances.VersionGet">
            <summary>Define correção de NLibraryInfo.get_Version()</summary>
        </member>
        <member name="M:Neurotec.Fakes.ShimNLibraryInfo.BehaveAsCurrent">
            <summary>Atribui o comportamento &apos;Current&apos; para todos os métodos do tipo corrigido</summary>
        </member>
        <member name="M:Neurotec.Fakes.ShimNLibraryInfo.BehaveAsNotImplemented">
            <summary>Atribui o comportamento &apos;NotImplemented&apos; para todos os métodos do tipo corrigido</summary>
        </member>
        <member name="P:Neurotec.Fakes.ShimNLibraryInfo.Behavior">
            <summary>Atribui o comportamento para todos os métodos do tipo corrigido</summary>
        </member>
        <member name="P:Neurotec.Fakes.ShimNLibraryInfo.CharArrayToStringCharArray">
            <summary>Define correção de NLibraryInfo.CharArrayToString(Char[] value)</summary>
        </member>
        <member name="P:Neurotec.Fakes.ShimNLibraryInfo.CompanyGet">
            <summary>Define correção de NLibraryInfo.get_Company()</summary>
        </member>
        <member name="P:Neurotec.Fakes.ShimNLibraryInfo.Constructor">
            <summary>Define correção de NLibraryInfo.NLibraryInfo()</summary>
        </member>
        <member name="P:Neurotec.Fakes.ShimNLibraryInfo.CopyrightGet">
            <summary>Define correção de NLibraryInfo.get_Copyright()</summary>
        </member>
        <member name="P:Neurotec.Fakes.ShimNLibraryInfo.DistributorIdGet">
            <summary>Define correção de NLibraryInfo.get_DistributorId()</summary>
        </member>
        <member name="P:Neurotec.Fakes.ShimNLibraryInfo.ProductGet">
            <summary>Define correção de NLibraryInfo.get_Product()</summary>
        </member>
        <member name="P:Neurotec.Fakes.ShimNLibraryInfo.RetrieveNLibraryGetInfo">
            <summary>Define correção de NLibraryInfo.Retrieve(NLibraryGetInfo getInfo)</summary>
        </member>
        <member name="P:Neurotec.Fakes.ShimNLibraryInfo.SerialNumberGet">
            <summary>Define correção de NLibraryInfo.get_SerialNumber()</summary>
        </member>
        <member name="P:Neurotec.Fakes.ShimNLibraryInfo.TitleGet">
            <summary>Define correção de NLibraryInfo.get_Title()</summary>
        </member>
        <member name="P:Neurotec.Fakes.ShimNLibraryInfo.VersionGet">
            <summary>Define correção de NLibraryInfo.get_Version()</summary>
        </member>
        <member name="T:Neurotec.Fakes.ShimNObject">
            <summary>Tipo de correção de Neurotec.NObject</summary>
        </member>
        <member name="M:Neurotec.Fakes.ShimNObject.#ctor(Neurotec.NObject)">
            <summary>Inicializa uma nova correção para a instância determinada</summary>
        </member>
        <member name="T:Neurotec.Fakes.ShimNObject.AllInstances">
            <summary>Definir shims para todos os membros de instâncias</summary>
        </member>
        <member name="P:Neurotec.Fakes.ShimNObject.AllInstances.DisposeBoolean">
            <summary>Define correção de NObject.Dispose(Boolean disposing)</summary>
        </member>
        <member name="P:Neurotec.Fakes.ShimNObject.AllInstances.HandleGet">
            <summary>Define correção de NObject.get_Handle()</summary>
        </member>
        <member name="M:Neurotec.Fakes.ShimNObject.BehaveAsCurrent">
            <summary>Atribui o comportamento &apos;Current&apos; para todos os métodos do tipo corrigido</summary>
        </member>
        <member name="M:Neurotec.Fakes.ShimNObject.BehaveAsNotImplemented">
            <summary>Atribui o comportamento &apos;NotImplemented&apos; para todos os métodos do tipo corrigido</summary>
        </member>
        <member name="P:Neurotec.Fakes.ShimNObject.Behavior">
            <summary>Atribui o comportamento para todos os métodos do tipo corrigido</summary>
        </member>
        <member name="M:Neurotec.Fakes.ShimNObject.Bind(System.IDisposable)">
            <summary>Vincula os membros da interface à correção.</summary>
        </member>
        <member name="P:Neurotec.Fakes.ShimNObject.ConstructorIntPtrBoolean">
            <summary>Define correção de NObject.NObject(IntPtr handle, Boolean ownsHandle)</summary>
        </member>
        <member name="P:Neurotec.Fakes.ShimNObject.DisposeBoolean">
            <summary>Define correção de NObject.Dispose(Boolean disposing)</summary>
        </member>
        <member name="P:Neurotec.Fakes.ShimNObject.HandleGet">
            <summary>Define correção de NObject.get_Handle()</summary>
        </member>
        <member name="T:Neurotec.Fakes.ShimNResult">
            <summary>Tipo de correção de Neurotec.NResult</summary>
        </member>
        <member name="M:Neurotec.Fakes.ShimNResult.#ctor">
            <summary>Inicializa uma nova instância de correção</summary>
        </member>
        <member name="M:Neurotec.Fakes.ShimNResult.BehaveAsCurrent">
            <summary>Atribui o comportamento &apos;Current&apos; para todos os métodos do tipo corrigido</summary>
        </member>
        <member name="M:Neurotec.Fakes.ShimNResult.BehaveAsNotImplemented">
            <summary>Atribui o comportamento &apos;NotImplemented&apos; para todos os métodos do tipo corrigido</summary>
        </member>
        <member name="P:Neurotec.Fakes.ShimNResult.Behavior">
            <summary>Atribui o comportamento para todos os métodos do tipo corrigido</summary>
        </member>
        <member name="P:Neurotec.Fakes.ShimNResult.CheckInt32">
            <summary>Define correção de NResult.Check(Int32 result)</summary>
        </member>
        <member name="P:Neurotec.Fakes.ShimNResult.IsFailedInt32">
            <summary>Define correção de NResult.IsFailed(Int32 result)</summary>
        </member>
        <member name="P:Neurotec.Fakes.ShimNResult.IsSucceededInt32">
            <summary>Define correção de NResult.IsSucceeded(Int32 result)</summary>
        </member>
        <member name="P:Neurotec.Fakes.ShimNResult.RaiseErrorInt32">
            <summary>Define correção de NResult.RaiseError(Int32 error)</summary>
        </member>
        <member name="T:Neurotec.Fakes.ShimNWrappedException">
            <summary>Tipo de correção de Neurotec.NWrappedException</summary>
        </member>
        <member name="M:Neurotec.Fakes.ShimNWrappedException.#ctor">
            <summary>Inicializa uma nova instância de correção</summary>
        </member>
        <member name="M:Neurotec.Fakes.ShimNWrappedException.#ctor(Neurotec.NWrappedException)">
            <summary>Inicializa uma nova correção para a instância determinada</summary>
        </member>
        <member name="T:Neurotec.Fakes.ShimNWrappedException.AllInstances">
            <summary>Definir shims para todos os membros de instâncias</summary>
        </member>
        <member name="M:Neurotec.Fakes.ShimNWrappedException.BehaveAsCurrent">
            <summary>Atribui o comportamento &apos;Current&apos; para todos os métodos do tipo corrigido</summary>
        </member>
        <member name="M:Neurotec.Fakes.ShimNWrappedException.BehaveAsNotImplemented">
            <summary>Atribui o comportamento &apos;NotImplemented&apos; para todos os métodos do tipo corrigido</summary>
        </member>
        <member name="P:Neurotec.Fakes.ShimNWrappedException.Behavior">
            <summary>Atribui o comportamento para todos os métodos do tipo corrigido</summary>
        </member>
        <member name="M:Neurotec.Fakes.ShimNWrappedException.Bind(Neurotec.INeurotecException)">
            <summary>Vincula os membros da interface à correção.</summary>
        </member>
        <member name="M:Neurotec.Fakes.ShimNWrappedException.Bind(System.Runtime.Serialization.ISerializable)">
            <summary>Vincula os membros da interface à correção.</summary>
        </member>
        <member name="P:Neurotec.Fakes.ShimNWrappedException.ConstructorInt32StringStringException">
            <summary>Define correção de NWrappedException.NWrappedException(Int32 code, String message, String callStack, Exception innerException)</summary>
        </member>
        <member name="P:Neurotec.Fakes.ShimNWrappedException.ConstructorSerializationInfoStreamingContext">
            <summary>Define correção de NWrappedException.NWrappedException(SerializationInfo info, StreamingContext context)</summary>
        </member>
        <member name="T:Neurotec.Fakes.ShimNeurotecException">
            <summary>Tipo de correção de Neurotec.NeurotecException</summary>
        </member>
        <member name="M:Neurotec.Fakes.ShimNeurotecException.#ctor">
            <summary>Inicializa uma nova instância de correção</summary>
        </member>
        <member name="M:Neurotec.Fakes.ShimNeurotecException.#ctor(Neurotec.NeurotecException)">
            <summary>Inicializa uma nova correção para a instância determinada</summary>
        </member>
        <member name="T:Neurotec.Fakes.ShimNeurotecException.AllInstances">
            <summary>Definir shims para todos os membros de instâncias</summary>
        </member>
        <member name="P:Neurotec.Fakes.ShimNeurotecException.AllInstances.CodeGet">
            <summary>Define correção de NeurotecException.get_Code()</summary>
        </member>
        <member name="P:Neurotec.Fakes.ShimNeurotecException.AllInstances.GetObjectDataSerializationInfoStreamingContext">
            <summary>Define correção de NeurotecException.GetObjectData(SerializationInfo info, StreamingContext context)</summary>
        </member>
        <member name="P:Neurotec.Fakes.ShimNeurotecException.AllInstances.ManagedStackTraceGet">
            <summary>Define correção de NeurotecException.get_ManagedStackTrace()</summary>
        </member>
        <member name="P:Neurotec.Fakes.ShimNeurotecException.AllInstances.StackTraceGet">
            <summary>Define correção de NeurotecException.get_StackTrace()</summary>
        </member>
        <member name="P:Neurotec.Fakes.ShimNeurotecException.AllInstances.UnmanagedStackTraceGet">
            <summary>Define correção de NeurotecException.get_UnmanagedStackTrace()</summary>
        </member>
        <member name="M:Neurotec.Fakes.ShimNeurotecException.BehaveAsCurrent">
            <summary>Atribui o comportamento &apos;Current&apos; para todos os métodos do tipo corrigido</summary>
        </member>
        <member name="M:Neurotec.Fakes.ShimNeurotecException.BehaveAsNotImplemented">
            <summary>Atribui o comportamento &apos;NotImplemented&apos; para todos os métodos do tipo corrigido</summary>
        </member>
        <member name="P:Neurotec.Fakes.ShimNeurotecException.Behavior">
            <summary>Atribui o comportamento para todos os métodos do tipo corrigido</summary>
        </member>
        <member name="M:Neurotec.Fakes.ShimNeurotecException.Bind(Neurotec.INeurotecException)">
            <summary>Vincula os membros da interface à correção.</summary>
        </member>
        <member name="M:Neurotec.Fakes.ShimNeurotecException.Bind(System.Runtime.Serialization.ISerializable)">
            <summary>Vincula os membros da interface à correção.</summary>
        </member>
        <member name="P:Neurotec.Fakes.ShimNeurotecException.CodeGet">
            <summary>Define correção de NeurotecException.get_Code()</summary>
        </member>
        <member name="P:Neurotec.Fakes.ShimNeurotecException.ConstructorInt32StringStringException">
            <summary>Define correção de NeurotecException.NeurotecException(Int32 code, String message, String callStack, Exception innerException)</summary>
        </member>
        <member name="P:Neurotec.Fakes.ShimNeurotecException.ConstructorSerializationInfoStreamingContext">
            <summary>Define correção de NeurotecException.NeurotecException(SerializationInfo info, StreamingContext context)</summary>
        </member>
        <member name="P:Neurotec.Fakes.ShimNeurotecException.GetObjectDataSerializationInfoStreamingContext">
            <summary>Define correção de NeurotecException.GetObjectData(SerializationInfo info, StreamingContext context)</summary>
        </member>
        <member name="P:Neurotec.Fakes.ShimNeurotecException.ManagedStackTraceGet">
            <summary>Define correção de NeurotecException.get_ManagedStackTrace()</summary>
        </member>
        <member name="P:Neurotec.Fakes.ShimNeurotecException.StackTraceGet">
            <summary>Define correção de NeurotecException.get_StackTrace()</summary>
        </member>
        <member name="P:Neurotec.Fakes.ShimNeurotecException.UnmanagedStackTraceGet">
            <summary>Define correção de NeurotecException.get_UnmanagedStackTrace()</summary>
        </member>
        <member name="T:Neurotec.Fakes.ShimNotRegisteredException">
            <summary>Tipo de correção de Neurotec.NotRegisteredException</summary>
        </member>
        <member name="M:Neurotec.Fakes.ShimNotRegisteredException.#ctor">
            <summary>Inicializa uma nova instância de correção</summary>
        </member>
        <member name="M:Neurotec.Fakes.ShimNotRegisteredException.#ctor(Neurotec.NotRegisteredException)">
            <summary>Inicializa uma nova correção para a instância determinada</summary>
        </member>
        <member name="T:Neurotec.Fakes.ShimNotRegisteredException.AllInstances">
            <summary>Definir shims para todos os membros de instâncias</summary>
        </member>
        <member name="M:Neurotec.Fakes.ShimNotRegisteredException.BehaveAsCurrent">
            <summary>Atribui o comportamento &apos;Current&apos; para todos os métodos do tipo corrigido</summary>
        </member>
        <member name="M:Neurotec.Fakes.ShimNotRegisteredException.BehaveAsNotImplemented">
            <summary>Atribui o comportamento &apos;NotImplemented&apos; para todos os métodos do tipo corrigido</summary>
        </member>
        <member name="P:Neurotec.Fakes.ShimNotRegisteredException.Behavior">
            <summary>Atribui o comportamento para todos os métodos do tipo corrigido</summary>
        </member>
        <member name="M:Neurotec.Fakes.ShimNotRegisteredException.Bind(Neurotec.INeurotecException)">
            <summary>Vincula os membros da interface à correção.</summary>
        </member>
        <member name="M:Neurotec.Fakes.ShimNotRegisteredException.Bind(System.Runtime.Serialization.ISerializable)">
            <summary>Vincula os membros da interface à correção.</summary>
        </member>
        <member name="P:Neurotec.Fakes.ShimNotRegisteredException.ConstructorSerializationInfoStreamingContext">
            <summary>Define correção de NotRegisteredException.NotRegisteredException(SerializationInfo info, StreamingContext context)</summary>
        </member>
        <member name="P:Neurotec.Fakes.ShimNotRegisteredException.ConstructorStringStringException">
            <summary>Define correção de NotRegisteredException.NotRegisteredException(String message, String callStack, Exception innerException)</summary>
        </member>
        <member name="T:Neurotec.Fakes.ShimParameterException">
            <summary>Tipo de correção de Neurotec.ParameterException</summary>
        </member>
        <member name="M:Neurotec.Fakes.ShimParameterException.#ctor">
            <summary>Inicializa uma nova instância de correção</summary>
        </member>
        <member name="M:Neurotec.Fakes.ShimParameterException.#ctor(Neurotec.ParameterException)">
            <summary>Inicializa uma nova correção para a instância determinada</summary>
        </member>
        <member name="T:Neurotec.Fakes.ShimParameterException.AllInstances">
            <summary>Definir shims para todos os membros de instâncias</summary>
        </member>
        <member name="M:Neurotec.Fakes.ShimParameterException.BehaveAsCurrent">
            <summary>Atribui o comportamento &apos;Current&apos; para todos os métodos do tipo corrigido</summary>
        </member>
        <member name="M:Neurotec.Fakes.ShimParameterException.BehaveAsNotImplemented">
            <summary>Atribui o comportamento &apos;NotImplemented&apos; para todos os métodos do tipo corrigido</summary>
        </member>
        <member name="P:Neurotec.Fakes.ShimParameterException.Behavior">
            <summary>Atribui o comportamento para todos os métodos do tipo corrigido</summary>
        </member>
        <member name="M:Neurotec.Fakes.ShimParameterException.Bind(Neurotec.INeurotecException)">
            <summary>Vincula os membros da interface à correção.</summary>
        </member>
        <member name="M:Neurotec.Fakes.ShimParameterException.Bind(System.Runtime.Serialization.ISerializable)">
            <summary>Vincula os membros da interface à correção.</summary>
        </member>
        <member name="P:Neurotec.Fakes.ShimParameterException.ConstructorInt32StringStringException">
            <summary>Define correção de ParameterException.ParameterException(Int32 code, String message, String callStack, Exception innerException)</summary>
        </member>
        <member name="P:Neurotec.Fakes.ShimParameterException.ConstructorSerializationInfoStreamingContext">
            <summary>Define correção de ParameterException.ParameterException(SerializationInfo info, StreamingContext context)</summary>
        </member>
        <member name="P:Neurotec.Fakes.ShimParameterException.ConstructorStringStringException">
            <summary>Define correção de ParameterException.ParameterException(String message, String callStack, Exception innerException)</summary>
        </member>
        <member name="T:Neurotec.Fakes.ShimParameterReadOnlyException">
            <summary>Tipo de correção de Neurotec.ParameterReadOnlyException</summary>
        </member>
        <member name="M:Neurotec.Fakes.ShimParameterReadOnlyException.#ctor">
            <summary>Inicializa uma nova instância de correção</summary>
        </member>
        <member name="M:Neurotec.Fakes.ShimParameterReadOnlyException.#ctor(Neurotec.ParameterReadOnlyException)">
            <summary>Inicializa uma nova correção para a instância determinada</summary>
        </member>
        <member name="T:Neurotec.Fakes.ShimParameterReadOnlyException.AllInstances">
            <summary>Definir shims para todos os membros de instâncias</summary>
        </member>
        <member name="M:Neurotec.Fakes.ShimParameterReadOnlyException.BehaveAsCurrent">
            <summary>Atribui o comportamento &apos;Current&apos; para todos os métodos do tipo corrigido</summary>
        </member>
        <member name="M:Neurotec.Fakes.ShimParameterReadOnlyException.BehaveAsNotImplemented">
            <summary>Atribui o comportamento &apos;NotImplemented&apos; para todos os métodos do tipo corrigido</summary>
        </member>
        <member name="P:Neurotec.Fakes.ShimParameterReadOnlyException.Behavior">
            <summary>Atribui o comportamento para todos os métodos do tipo corrigido</summary>
        </member>
        <member name="M:Neurotec.Fakes.ShimParameterReadOnlyException.Bind(Neurotec.INeurotecException)">
            <summary>Vincula os membros da interface à correção.</summary>
        </member>
        <member name="M:Neurotec.Fakes.ShimParameterReadOnlyException.Bind(System.Runtime.Serialization.ISerializable)">
            <summary>Vincula os membros da interface à correção.</summary>
        </member>
        <member name="P:Neurotec.Fakes.ShimParameterReadOnlyException.ConstructorSerializationInfoStreamingContext">
            <summary>Define correção de ParameterReadOnlyException.ParameterReadOnlyException(SerializationInfo info, StreamingContext context)</summary>
        </member>
        <member name="P:Neurotec.Fakes.ShimParameterReadOnlyException.ConstructorStringStringException">
            <summary>Define correção de ParameterReadOnlyException.ParameterReadOnlyException(String message, String callStack, Exception innerException)</summary>
        </member>
        <member name="T:Neurotec.Fakes.StubINeurotecException">
            <summary>Tipo stub de Neurotec.INeurotecException</summary>
        </member>
        <member name="M:Neurotec.Fakes.StubINeurotecException.#ctor">
            <summary>Inicializa uma nova instância do type StubINeurotecException</summary>
        </member>
        <member name="P:Neurotec.Fakes.StubINeurotecException.Neurotec#INeurotecException#Code">
            <summary>Define stub de INeurotecException.get_Code()</summary>
        </member>
        <member name="F:Neurotec.Fakes.StubINeurotecException.CodeGet">
            <summary>Define stub de INeurotecException.get_Code()</summary>
        </member>
        <member name="P:Neurotec.Fakes.StubINeurotecException.Neurotec#INeurotecException#ManagedStackTrace">
            <summary>Define stub de INeurotecException.get_ManagedStackTrace()</summary>
        </member>
        <member name="F:Neurotec.Fakes.StubINeurotecException.ManagedStackTraceGet">
            <summary>Define stub de INeurotecException.get_ManagedStackTrace()</summary>
        </member>
        <member name="P:Neurotec.Fakes.StubINeurotecException.Neurotec#INeurotecException#UnmanagedStackTrace">
            <summary>Define stub de INeurotecException.get_UnmanagedStackTrace()</summary>
        </member>
        <member name="F:Neurotec.Fakes.StubINeurotecException.UnmanagedStackTraceGet">
            <summary>Define stub de INeurotecException.get_UnmanagedStackTrace()</summary>
        </member>
        <member name="T:Neurotec.Fakes.StubNDisposable">
            <summary>Tipo stub de Neurotec.NDisposable</summary>
        </member>
        <member name="M:Neurotec.Fakes.StubNDisposable.#ctor">
            <summary>Inicializa uma nova instância</summary>
        </member>
        <member name="P:Neurotec.Fakes.StubNDisposable.CallBase">
            <summary>Obtém ou define um valor que indica se o método base deve ser chamado em vez do comportamento de fallback</summary>
        </member>
        <member name="M:Neurotec.Fakes.StubNDisposable.Dispose(System.Boolean)">
            <summary>Define stub de NDisposable.Dispose(Boolean disposing)</summary>
        </member>
        <member name="F:Neurotec.Fakes.StubNDisposable.DisposeBoolean">
            <summary>Define stub de NDisposable.Dispose(Boolean disposing)</summary>
        </member>
        <member name="M:Neurotec.Fakes.StubNDisposable.InitializeStub">
            <summary>Inicializa uma nova instância do type StubNDisposable</summary>
        </member>
        <member name="P:Neurotec.Fakes.StubNDisposable.InstanceBehavior">
            <summary>Obtém ou define o comportamento da instância.</summary>
        </member>
        <member name="P:Neurotec.Fakes.StubNDisposable.InstanceObserver">
            <summary>Obtém ou define o observador de instância.</summary>
        </member>
        <member name="P:Neurotec.Fakes.StubNDisposable.IsOwned">
            <summary>Define stub de NDisposable.get_IsOwned()</summary>
        </member>
        <member name="F:Neurotec.Fakes.StubNDisposable.IsOwnedGet">
            <summary>Define stub de NDisposable.get_IsOwned()</summary>
        </member>
        <member name="T:Neurotec.Fakes.StubNObject">
            <summary>Tipo stub de Neurotec.NObject</summary>
        </member>
        <member name="M:Neurotec.Fakes.StubNObject.#ctor(System.IntPtr,System.Boolean)">
            <summary>Inicializa uma nova instância</summary>
        </member>
        <member name="P:Neurotec.Fakes.StubNObject.CallBase">
            <summary>Obtém ou define um valor que indica se o método base deve ser chamado em vez do comportamento de fallback</summary>
        </member>
        <member name="M:Neurotec.Fakes.StubNObject.Dispose(System.Boolean)">
            <summary>Define stub de NObject.Dispose(Boolean disposing)</summary>
        </member>
        <member name="F:Neurotec.Fakes.StubNObject.DisposeBoolean">
            <summary>Define stub de NObject.Dispose(Boolean disposing)</summary>
        </member>
        <member name="M:Neurotec.Fakes.StubNObject.FreeHandle(System.IntPtr)">
            <summary>Define stub de NObject.FreeHandle(IntPtr handle)</summary>
        </member>
        <member name="F:Neurotec.Fakes.StubNObject.FreeHandleIntPtr">
            <summary>Define stub de NObject.FreeHandle(IntPtr handle)</summary>
        </member>
        <member name="M:Neurotec.Fakes.StubNObject.InitializeStub">
            <summary>Inicializa uma nova instância do type StubNObject</summary>
        </member>
        <member name="P:Neurotec.Fakes.StubNObject.InstanceBehavior">
            <summary>Obtém ou define o comportamento da instância.</summary>
        </member>
        <member name="P:Neurotec.Fakes.StubNObject.InstanceObserver">
            <summary>Obtém ou define o observador de instância.</summary>
        </member>
        <member name="P:Neurotec.Fakes.StubNObject.IsOwned">
            <summary>Define stub de NDisposable.get_IsOwned()</summary>
        </member>
        <member name="F:Neurotec.Fakes.StubNObject.IsOwnedGet">
            <summary>Define stub de NDisposable.get_IsOwned()</summary>
        </member>
        <member name="T:Neurotec.Fakes.StubNeurotecException">
            <summary>Tipo stub de Neurotec.NeurotecException</summary>
        </member>
        <member name="M:Neurotec.Fakes.StubNeurotecException.#ctor(System.Runtime.Serialization.SerializationInfo,System.Runtime.Serialization.StreamingContext)">
            <summary>Inicializa uma nova instância</summary>
        </member>
        <member name="M:Neurotec.Fakes.StubNeurotecException.AttachBackingFieldToHelpLink">
            <summary>Anexa delegados para emular StubNeurotecException.HelpLink como uma propriedade com um campo de apoio.</summary>
        </member>
        <member name="M:Neurotec.Fakes.StubNeurotecException.AttachBackingFieldToSource">
            <summary>Anexa delegados para emular StubNeurotecException.Source como uma propriedade com um campo de apoio.</summary>
        </member>
        <member name="P:Neurotec.Fakes.StubNeurotecException.CallBase">
            <summary>Obtém ou define um valor que indica se o método base deve ser chamado em vez do comportamento de fallback</summary>
        </member>
        <member name="P:Neurotec.Fakes.StubNeurotecException.Data">
            <summary>Define stub de Exception.get_Data()</summary>
        </member>
        <member name="F:Neurotec.Fakes.StubNeurotecException.DataGet">
            <summary>Define stub de Exception.get_Data()</summary>
        </member>
        <member name="M:Neurotec.Fakes.StubNeurotecException.GetBaseException">
            <summary>Define stub de Exception.GetBaseException()</summary>
        </member>
        <member name="F:Neurotec.Fakes.StubNeurotecException.GetBaseException01">
            <summary>Define stub de Exception.GetBaseException()</summary>
        </member>
        <member name="M:Neurotec.Fakes.StubNeurotecException.GetObjectData(System.Runtime.Serialization.SerializationInfo,System.Runtime.Serialization.StreamingContext)">
            <summary>Define stub de NeurotecException.GetObjectData(SerializationInfo info, StreamingContext context)</summary>
        </member>
        <member name="F:Neurotec.Fakes.StubNeurotecException.GetObjectDataSerializationInfoStreamingContext">
            <summary>Define stub de NeurotecException.GetObjectData(SerializationInfo info, StreamingContext context)</summary>
        </member>
        <member name="P:Neurotec.Fakes.StubNeurotecException.HelpLink">
            <summary>Define stub de Exception.get_HelpLink()</summary>
        </member>
        <member name="F:Neurotec.Fakes.StubNeurotecException.HelpLinkGet">
            <summary>Define stub de Exception.get_HelpLink()</summary>
        </member>
        <member name="F:Neurotec.Fakes.StubNeurotecException.HelpLinkSetString">
            <summary>Define stub de Exception.set_HelpLink(String value)</summary>
        </member>
        <member name="M:Neurotec.Fakes.StubNeurotecException.InitializeStub">
            <summary>Inicializa uma nova instância do type StubNeurotecException</summary>
        </member>
        <member name="P:Neurotec.Fakes.StubNeurotecException.InstanceBehavior">
            <summary>Obtém ou define o comportamento da instância.</summary>
        </member>
        <member name="P:Neurotec.Fakes.StubNeurotecException.InstanceObserver">
            <summary>Obtém ou define o observador de instância.</summary>
        </member>
        <member name="P:Neurotec.Fakes.StubNeurotecException.Message">
            <summary>Define stub de Exception.get_Message()</summary>
        </member>
        <member name="F:Neurotec.Fakes.StubNeurotecException.MessageGet">
            <summary>Define stub de Exception.get_Message()</summary>
        </member>
        <member name="P:Neurotec.Fakes.StubNeurotecException.Source">
            <summary>Define stub de Exception.get_Source()</summary>
        </member>
        <member name="F:Neurotec.Fakes.StubNeurotecException.SourceGet">
            <summary>Define stub de Exception.get_Source()</summary>
        </member>
        <member name="F:Neurotec.Fakes.StubNeurotecException.SourceSetString">
            <summary>Define stub de Exception.set_Source(String value)</summary>
        </member>
        <member name="P:Neurotec.Fakes.StubNeurotecException.StackTrace">
            <summary>Define stub de NeurotecException.get_StackTrace()</summary>
        </member>
        <member name="F:Neurotec.Fakes.StubNeurotecException.StackTraceGet">
            <summary>Define stub de NeurotecException.get_StackTrace()</summary>
        </member>
        <member name="M:Neurotec.Fakes.StubNeurotecException.ToString">
            <summary>Define stub de Exception.ToString()</summary>
        </member>
        <member name="F:Neurotec.Fakes.StubNeurotecException.ToString01">
            <summary>Define stub de Exception.ToString()</summary>
        </member>
        <member name="T:Neurotec.Fakes.StubParameterException">
            <summary>Tipo stub de Neurotec.ParameterException</summary>
        </member>
        <member name="M:Neurotec.Fakes.StubParameterException.#ctor(System.Runtime.Serialization.SerializationInfo,System.Runtime.Serialization.StreamingContext)">
            <summary>Inicializa uma nova instância</summary>
        </member>
        <member name="M:Neurotec.Fakes.StubParameterException.AttachBackingFieldToHelpLink">
            <summary>Anexa delegados para emular StubParameterException.HelpLink como uma propriedade com um campo de apoio.</summary>
        </member>
        <member name="M:Neurotec.Fakes.StubParameterException.AttachBackingFieldToSource">
            <summary>Anexa delegados para emular StubParameterException.Source como uma propriedade com um campo de apoio.</summary>
        </member>
        <member name="P:Neurotec.Fakes.StubParameterException.CallBase">
            <summary>Obtém ou define um valor que indica se o método base deve ser chamado em vez do comportamento de fallback</summary>
        </member>
        <member name="P:Neurotec.Fakes.StubParameterException.Data">
            <summary>Define stub de Exception.get_Data()</summary>
        </member>
        <member name="F:Neurotec.Fakes.StubParameterException.DataGet">
            <summary>Define stub de Exception.get_Data()</summary>
        </member>
        <member name="M:Neurotec.Fakes.StubParameterException.GetBaseException">
            <summary>Define stub de Exception.GetBaseException()</summary>
        </member>
        <member name="F:Neurotec.Fakes.StubParameterException.GetBaseException01">
            <summary>Define stub de Exception.GetBaseException()</summary>
        </member>
        <member name="M:Neurotec.Fakes.StubParameterException.GetObjectData(System.Runtime.Serialization.SerializationInfo,System.Runtime.Serialization.StreamingContext)">
            <summary>Define stub de NeurotecException.GetObjectData(SerializationInfo info, StreamingContext context)</summary>
        </member>
        <member name="F:Neurotec.Fakes.StubParameterException.GetObjectDataSerializationInfoStreamingContext">
            <summary>Define stub de NeurotecException.GetObjectData(SerializationInfo info, StreamingContext context)</summary>
        </member>
        <member name="P:Neurotec.Fakes.StubParameterException.HelpLink">
            <summary>Define stub de Exception.get_HelpLink()</summary>
        </member>
        <member name="F:Neurotec.Fakes.StubParameterException.HelpLinkGet">
            <summary>Define stub de Exception.get_HelpLink()</summary>
        </member>
        <member name="F:Neurotec.Fakes.StubParameterException.HelpLinkSetString">
            <summary>Define stub de Exception.set_HelpLink(String value)</summary>
        </member>
        <member name="M:Neurotec.Fakes.StubParameterException.InitializeStub">
            <summary>Inicializa uma nova instância do type StubParameterException</summary>
        </member>
        <member name="P:Neurotec.Fakes.StubParameterException.InstanceBehavior">
            <summary>Obtém ou define o comportamento da instância.</summary>
        </member>
        <member name="P:Neurotec.Fakes.StubParameterException.InstanceObserver">
            <summary>Obtém ou define o observador de instância.</summary>
        </member>
        <member name="P:Neurotec.Fakes.StubParameterException.Message">
            <summary>Define stub de Exception.get_Message()</summary>
        </member>
        <member name="F:Neurotec.Fakes.StubParameterException.MessageGet">
            <summary>Define stub de Exception.get_Message()</summary>
        </member>
        <member name="P:Neurotec.Fakes.StubParameterException.Source">
            <summary>Define stub de Exception.get_Source()</summary>
        </member>
        <member name="F:Neurotec.Fakes.StubParameterException.SourceGet">
            <summary>Define stub de Exception.get_Source()</summary>
        </member>
        <member name="F:Neurotec.Fakes.StubParameterException.SourceSetString">
            <summary>Define stub de Exception.set_Source(String value)</summary>
        </member>
        <member name="P:Neurotec.Fakes.StubParameterException.StackTrace">
            <summary>Define stub de NeurotecException.get_StackTrace()</summary>
        </member>
        <member name="F:Neurotec.Fakes.StubParameterException.StackTraceGet">
            <summary>Define stub de NeurotecException.get_StackTrace()</summary>
        </member>
        <member name="M:Neurotec.Fakes.StubParameterException.ToString">
            <summary>Define stub de Exception.ToString()</summary>
        </member>
        <member name="F:Neurotec.Fakes.StubParameterException.ToString01">
            <summary>Define stub de Exception.ToString()</summary>
        </member>
    </members>
</doc>
